,zid,average_precision,average_recall,accuracy
0,z5110579,0.6789346246973366,0.6626750022012855,0.73
